,V1,V2
0,2.072345,-3.241693
1,17.93671,15.78481
2,1.083576,7.319176
3,11.12067,14.40678
4,23.71155,2.557729
5,24.16993,32.02478
6,21.66578,4.892855
7,4.693683999999998,12.34217
8,19.21191,-1.121366
9,4.230391,-4.441536
10,9.12713,23.60572
11,0.4075031,15.29705
12,7.314846000000001,3.3093120000000003
13,-3.438403,-12.02527
14,17.63935,-3.212345
15,4.415292,22.81555
16,11.94122,8.122487
17,0.7258532,1.806819
18,8.185273,28.1326
19,-5.773587,1.0248
20,18.76943,24.16946
21,7.752016,-3.3349910000000005
22,10.61132,28.44378
23,2.02165,-4.6871220000000005
24,5.145525,11.186
25,6.24331,19.47716
26,-11.70671,8.073185
27,7.255978,14.63704
28,3.3923730000000005,1.220712
29,24.2999,40.42887
30,4.094005,6.9446949999999985
31,11.80358,-2.445336
32,0.09228785,-6.651035
33,28.50607,-9.091833
34,23.40831,7.931438000000001
35,10.56305,12.54468
36,20.14157,11.11789
37,-1.871265,8.60885
38,29.30237,14.02176
39,18.65383,17.216720000000002
40,-2.972188,6.3709989999999985
41,10.32313,12.11574
42,16.90539,-1.355044
43,6.753710000000001,12.02797
44,23.94777,13.35047
45,6.8835130000000015,6.1885629999999985
46,-1.241542,10.08179
47,20.50827,-1.57887
48,-3.75683,1.60851
49,17.9176,13.09896
50,2.002537,-0.656524
51,10.7768,15.5336
52,24.15819,5.3303660000000015
53,0.3268727,7.288786999999999
54,21.64777,14.00506
55,6.871417,21.51998
56,15.14264,5.111947
57,11.54712,4.75756
58,0.6611676,-10.14263
59,-13.66531,16.93903
60,24.90937000000001,-10.82038
61,-4.53022,-6.173767
62,3.163677,8.051480999999999
63,1.495172,-7.261601
64,7.097637,2.105751
65,3.5094830000000004,24.58487
66,12.99879,24.91248
67,0.3593824,6.3879150000000005
68,14.35429,-2.252421
69,3.831208,-2.000873
70,31.40462,26.77209
71,-5.501097,13.391279999999998
72,-1.04476,5.955898
73,4.409013,9.323681
74,2.917201,16.53999
75,7.265954,10.64794
76,10.32038,13.368570000000002
77,9.35213,10.42427
78,6.648532,11.07535
79,-1.922306,4.888493
80,7.2260399999999985,13.02948
81,8.327288000000001,8.540999000000001
82,17.69046,21.59555
83,16.58353,18.16115
84,12.35425,31.96708
85,2.4711380000000003,5.482761
86,18.4925,29.42421
87,10.1196,7.162078
88,20.40245,3.943319
89,12.71589,4.531656
90,24.35859,-4.0644
91,21.74312,15.90887
92,12.27208,-9.612116
93,18.29681,22.38563
94,3.530957,8.673297
95,5.026042,36.03767
96,-0.8633009,-7.586249
97,26.83892,13.13713
98,19.11999,7.209714999999999
99,-0.8841636999999999,27.15254
100,-5.191529,29.65612
101,9.796095,15.43598
102,11.66314,10.63428
103,9.925199,26.80364
104,33.90998,15.02652
105,9.57004,9.2481
106,-16.2653,13.90024
107,15.10579,3.350049
108,-4.186504,7.964410000000001
109,12.54816,32.51867
110,-7.733469,9.634491
111,18.91337,15.7414
112,-1.050022,-4.0034550000000015
113,-6.894765,1.041802
114,23.05031,-12.76934
115,25.96073,11.44522
116,7.9507949999999985,6.811407000000001
117,-3.669517,-4.329696
118,10.52266,23.3561
119,26.29452,10.51806
120,12.42904,23.15663
121,0.1170239,24.65274
122,-1.040023,1.629857
123,11.16266,9.0201
124,13.61452,0.8832188
125,8.028045,14.82966
126,20.40253,22.0472
127,8.818028,18.90424
128,-0.3163153,21.40601
129,7.190192999999999,9.13962
130,-0.4711474,-8.29095
131,16.6546,-1.519889
132,10.51711,-5.018592
133,17.963060000000006,14.46713
134,-1.315535,11.6027
135,5.113728,3.961434
136,32.25842,-2.712702
137,-10.59094,15.402920000000002
138,21.60892,17.750020000000006
139,11.31144,1.031762
140,11.30595,3.0689580000000003
141,15.51137,8.943091
142,15.37201,18.17922
143,3.77755,13.33419
144,17.279889999999998,13.97798
145,-3.349734,26.6599
146,15.72571,6.373983
147,25.50999,15.15837
148,16.68281,18.95937
149,-4.734694,24.09568
150,25.08795,19.69376
151,7.038364,10.6667
152,4.521214,-6.635304
153,6.454509,13.662720000000002
154,5.322541,22.3855
155,0.6316529000000001,19.79414
156,-5.669132,11.32511
157,9.843806,-4.695499
158,15.39168,14.145270000000002
159,1.289581,10.09948
160,17.10334,6.207793
161,17.13273,6.609228
162,9.70176,12.33497
163,18.80351,-3.160759
164,6.08478,4.689186
165,-6.025192,26.61258
166,4.237603,7.315439
167,16.82231,8.133560000000001
168,-4.768829,28.65819
169,0.5061416,4.9462980000000005
170,12.57349,10.41494
171,16.35374,6.874306
172,0.1009744,2.590253
173,13.67556,-12.72959
174,2.477362,8.42026
175,14.99279,15.16393
176,29.71711,15.62874
177,17.48491,3.3823
178,13.45815,-4.13764
179,2.2072,-1.554494
180,23.05134,24.39491
181,32.74222,25.56641
182,15.562970000000002,24.94262
183,8.132651,8.998712
184,0.4580866,-9.891244
185,-9.164294,5.029294
186,-3.031709,20.23346
187,12.12393,15.103
188,19.95281,29.14982
189,13.00477,27.23093
190,10.4399,25.7741
191,0.351724,12.2222
192,10.37312,6.863772999999999
193,17.95419,4.455694
194,21.06292,3.607867
195,6.069686,9.325338
196,14.00808,11.5225
197,-1.7777919999999998,14.62108
198,0.7525703,-7.381838
199,-2.3295470000000003,5.070321
200,1.77457,6.2785720000000005
201,10.69576,16.30571
202,18.11151,34.12422
203,0.2417766,27.04643
204,-0.4202355,4.105829
205,15.41425,14.782570000000002
206,8.463556,23.04895
207,12.03072,17.41157
208,18.68731,6.9490789999999985
209,6.3693550000000005,5.700326
210,21.82924,5.564074
211,7.615410000000002,-5.0243769999999985
212,5.823252,18.40279
213,22.35203,8.526174000000001
214,6.434616,21.16974
215,0.5560946,-4.8660760000000005
216,6.737062,-11.7331
217,-1.392677,14.64543
218,4.935136,24.86809
219,20.35508,26.981240000000003
220,8.624667,10.67174
221,16.31749,11.64083
222,9.014875,14.42246
223,17.598329999999994,26.66023
224,2.636649,24.04782
225,13.82606,16.27159
226,10.39783,3.804893
227,-6.27359,3.878999
228,-11.88057,0.1788024
229,21.02048,9.690716
230,18.25632,16.941270000000006
231,24.96351,-1.158215
232,10.13696,6.446662
233,3.509066,16.55414
234,2.409921,-0.3445188
235,16.0843,7.562616
236,5.987025,7.456533
237,12.63902,14.35081
238,7.392535,22.61304
239,10.37212,-1.25827
240,-19.01791,0.6507304
241,3.030817,4.580993
242,34.0303,-3.716423
243,-5.843476,13.79137
244,36.95611,-1.245269
245,-0.188409,-1.86653
246,17.28285,1.558553
247,8.9204,29.19455
248,-5.873556,6.456733
249,17.76259,24.02293
250,12.49482,22.47067
251,12.6087,3.212588
252,3.606599,14.24789
253,20.48342,13.74531
254,31.6423,13.04685
255,4.745898,7.317133
256,-5.295478,6.0010080000000015
257,7.238307000000002,19.98631
258,6.144599,19.91034
259,9.837835,8.336385
260,18.64695,5.146764
261,-0.5638628000000001,9.673976
262,5.21368,21.83143
263,-0.1993878,9.176207000000002
264,22.42831,8.390862
265,19.39561,-7.412824
266,31.28428,4.131464
267,8.380888,0.2647594
268,7.840689999999999,13.20062
269,23.85992,6.171501
270,6.188661,24.92638
271,18.08387,19.74208
272,14.23096,12.43815
273,14.4807,8.661634
274,30.91987,17.57755
275,4.117051,3.299065
276,18.100720000000006,9.572447
277,-3.777019,1.115207
278,18.47156,8.861407
279,30.69195,21.9132
280,1.838687,13.1765
281,14.22135,16.96163
282,27.70961,10.52575
283,9.956135,7.890053999999999
284,11.7273,14.00086
285,2.154482,14.163470000000002
286,-0.2120434,1.330881
287,-1.7389830000000002,16.9849
288,2.299075,-0.2934258
289,22.01149,-0.4469464
290,4.275241,16.67383
291,19.38943,4.436821
292,8.80722,13.23823
293,-0.7658179,-4.004811
294,12.69128,13.52916
295,12.73131,7.050802
296,8.388222,23.45347000000001
297,23.42708,4.5986410000000015
298,4.046104,7.634936
299,7.667025,3.193633
300,22.60801,5.130319999999998
301,14.74391,28.76733
302,20.53201,8.01565
303,16.46037,16.81531
304,12.70669,11.48214
305,-1.474059,3.329562
306,35.049609999999994,14.4484
307,2.529177,15.56721
308,28.9961,-15.57834
309,10.57878,6.307686
310,5.52815,14.12427
311,12.48016,2.7289220000000003
312,18.10028,3.891689
313,11.17125,11.10063
314,14.58538,25.99213
315,27.21567000000001,-1.980637
316,-1.40271,22.3755
317,-14.66871,9.792318
318,28.25157,14.28507
319,2.688756,3.0299970000000003
320,9.58344,12.00506
321,3.65772,1.649871
322,3.575705,14.80241
323,34.62557,4.384648
324,36.12292,12.05849
325,12.56065,-4.733039
326,37.48364,34.12808
327,1.915274,22.28056
328,18.14029,3.569117
329,-1.214981,-3.3185839999999995
330,7.646433999999997,29.922590000000003
331,-2.844509,13.71118
332,14.62733,16.4933
333,-0.3742695,15.06495
334,10.15795,13.33612
335,19.4574,11.29307
336,-6.23644,9.581524
337,0.2870638,6.756246000000001
338,7.0253869999999985,8.299629
339,6.2054050000000025,29.41931
340,12.37304,4.152157
341,-8.001964,15.628429999999998
342,9.879504,13.94365
343,12.83222,20.98375
344,10.71142,18.59333
345,10.09704,9.915216
346,17.89963,6.451302
347,-6.720686,14.993670000000002
348,3.712734,7.361372
349,-16.22395,17.81785
350,8.71418,24.10122
351,17.05254,5.227864
352,-14.69171,31.79987
353,7.943416,10.26803
354,14.004979999999998,21.54721
355,-1.302871,2.063343
356,-0.7624772,7.0014119999999975
357,21.54626,21.13478
358,1.232726,12.78234
359,1.602791,2.210584
360,-6.679344,12.61919
361,-6.89254,2.9427950000000003
362,12.32427,22.68294
363,21.02468,26.13788
364,6.443124,-3.984948
365,22.39199,13.58907
366,18.06598,2.753522
367,8.136961,22.73404
368,13.142079999999998,24.21235
369,11.51451,15.92228
370,-2.505605,15.30741
371,3.29959,13.2484
372,-4.795219,1.21583
373,29.08478,10.30137
374,5.12492,4.627426
375,17.060779999999998,9.965354
376,-0.340825,11.85959
377,15.295320000000002,9.07695
378,6.39995,23.04672
379,14.522429999999998,17.693360000000006
380,28.85673,4.007333999999998
381,10.77192,5.787269
382,7.428644999999999,15.77705
383,-6.637650999999999,14.04711
384,17.08812,8.223101
385,15.07757,-13.689429999999998
386,-22.15215,9.511638
387,5.04531,1.784843
388,-2.521792,-7.60383
389,32.85505,0.3210041
390,6.070759,5.579687
391,3.508814,-3.738329
392,9.818843,2.407706
393,11.93353,18.78467
394,2.850058,-4.31489
395,5.20408,6.957638
396,13.56349,9.16074
397,2.631175,5.677225
398,6.517994,-0.974309
399,15.80081,19.64233
400,14.07388,-1.577052
401,-3.888388,0.4062882
402,18.69151,10.06134
403,21.0912,26.45951
404,2.459292,6.838326
405,6.513192,-0.7243316999999999
406,24.3063,14.39751
407,13.94559,0.7581209
408,-2.664707,-6.36948
409,8.106246,0.4920085
410,17.07317,25.84198
411,6.0494330000000005,22.92962
412,23.94025,27.27981
413,-7.401308,-3.5558080000000003
414,2.926755,22.41698
415,-2.774311,-21.36068
416,-3.094624,16.60375
417,15.663379999999998,18.60818
418,22.3694,20.29701
419,-0.984013,23.2461
420,28.63485,4.79718
421,21.88014,12.66741
422,-3.621506,4.750143
423,12.52111,8.464080000000001
424,-22.49599,0.13929160000000002
425,17.33361,3.268888
426,-6.884011,-1.824905
427,10.21154,24.45211
428,12.14809,12.06576
429,-1.924867,-0.13613440000000002
430,21.60187,10.23303
431,15.66342,13.893720000000002
432,15.0212,9.187742
433,13.60186,16.88655
434,4.554105,37.17632
435,12.56063,7.900061
436,-11.53464,11.63952
437,24.58798,1.860825
438,-8.381909,14.354070000000002
439,-6.1142650000000005,7.363372999999997
440,-5.19861,12.78676
441,21.17985,10.36981
442,6.734995,23.19933
443,10.19698,15.43111
444,12.04076,17.23649
445,25.86829,2.396404
446,-5.335044,7.578044
447,9.824228,6.06933
448,14.249670000000002,27.39351
449,5.553391,13.30626
450,9.224884,-2.702723
451,16.72743,15.952370000000002
452,13.19714,14.475179999999998
453,13.476720000000002,-4.123874
454,6.2834900000000005,11.55091
455,15.38618,-8.226192
456,10.96815,9.922543
457,14.3925,3.203174
458,22.91966,20.66688
459,12.9942,15.3486
460,24.38812,18.26395
461,-9.467832,0.6434593000000001
462,-5.9889470000000005,22.67049
463,-1.766619,18.50818
464,-2.997209,15.36209
465,-2.980586,14.54187
466,19.18525,12.05587
467,18.620520000000006,-6.348775
468,4.541831,3.586799
469,2.029832,35.52395
470,18.08133,6.853875
471,16.55184,29.25978
472,20.814870000000006,0.2041338
473,4.7732410000000005,11.55061
474,17.54123,24.48917
475,11.232,27.95659
476,19.88413,3.3734900000000003
477,-3.511829,6.03616
478,19.83789,5.660164
479,21.5811,2.308901
480,12.77548,11.26171
481,-3.640386,-8.611116
482,22.1939,13.675070000000002
483,24.52809,3.520373
484,-2.055682,19.0635
485,22.10497,10.32231
486,11.01341,25.31104
487,19.34416,17.969070000000006
488,-3.011348,22.65403
489,4.864152,-1.24612
490,-12.93381,4.052313
491,-3.225042,2.066012
492,27.51631,9.72616
493,15.95689,0.2902336
494,5.763955,18.51403
495,24.53113,23.72683
496,12.13776,-1.241701
497,-6.742276,10.8888
498,1.712732,14.68423
499,4.114345,23.43694
500,24.57423,17.20925
501,12.09148,-2.061826
502,6.380095,19.50401
503,15.4881,21.71908
504,3.572731,-3.078149
505,26.356690000000004,20.47212
506,14.78471,23.34586
507,-1.279279,0.9330042
508,0.01129247,8.008011999999999
509,5.984768,1.961941
510,8.858572,17.184720000000002
511,19.37649,2.122504
512,9.10579,19.51155
513,9.643453,6.241649
514,-3.1091740000000003,18.91863
515,10.541,-3.394954
516,4.573325,11.78297
517,22.98676,10.07359
518,-10.77961,14.08271
519,5.63292,18.08959
520,5.782557,12.32168
521,27.1903,10.58244
522,8.920819999999997,30.34188
523,-1.781047,10.98773
524,-0.7274996,-7.879213
525,23.33998,16.66643
526,16.00585,1.374964
527,22.97108,15.7172
528,8.993785,-9.014578
529,8.249774,-2.679776
530,5.368688,12.60516
531,25.45515,22.22258
532,16.10149,11.38547
533,25.9423,5.396589
534,13.96851,23.8073
535,1.059773,2.482886
536,11.19896,27.34923
537,10.01848,12.379
538,-5.964017,14.30957
539,14.69272,13.940270000000002
540,5.162226,-3.949188
541,16.13654,2.4912810000000003
542,-8.427487,17.28569
543,17.46026,23.52985
544,4.839787,2.035094
545,24.78075,8.787683
546,3.28531,-2.7043060000000003
547,1.317184,13.35289
548,5.000647,13.50562
549,-2.902717,2.2402900000000003
550,12.86082,12.72926
551,6.369858,11.56653
552,5.91316,24.22981
553,-4.098757,-5.008349
554,-0.7625945,18.5798
555,15.58506,11.27319
556,5.403196,11.22043
557,-1.124667,31.28172
558,6.120589,10.16824
559,6.07585,31.160290000000003
560,-8.399909,8.830895
561,36.17882,-22.1776
562,2.199297,12.84548
563,8.845364,21.62596
564,-14.18104,1.871214
565,34.64086,11.64993
566,-0.7696695,8.42469
567,-6.12447,23.05465
568,-14.651420000000002,10.9695
569,11.58703,14.496579999999998
570,0.8204501000000001,10.62322
571,28.5049,10.30336
572,-8.36784,4.386019
573,32.45148,7.488422999999999
574,6.733567999999999,18.12497
575,10.64451,16.76856
576,3.2193240000000003,19.57019
577,10.74578,27.00378
578,4.207717,2.8513580000000003
579,13.87413,13.78015
580,-10.31962,15.46054
581,11.65267,1.7431299999999998
582,25.78439,2.961885
583,12.48763,18.15628
584,7.276056,14.082579999999998
585,9.188286,18.24487
586,7.066136,17.03944
587,2.462034,7.644941999999999
588,12.10048,15.32802
589,-0.531199,13.14534
590,10.19152,5.4142519999999985
591,8.34839,17.09359
592,-7.409304,15.4642
593,15.994229999999998,13.51288
594,-6.608865,-0.9393074
595,13.86558,6.094001
596,24.64994,6.494246
597,20.51858,17.59508
598,11.26143,2.0136830000000003
599,5.034868,7.499159
600,1.19408,23.50754
601,13.19178,12.76363
602,9.728273,11.80716
603,13.9332,15.7472
604,18.43648,12.18253
605,12.60749,32.6225
606,6.429051,1.972634
607,12.33216,-14.739579999999998
608,17.02514,8.819268
609,39.89024000000001,23.99687
610,20.98933,17.29635
611,11.65338,-5.657587
612,15.09138,25.02662
613,11.22707,-8.075130999999999
614,10.76558,-4.988425
615,3.910868,18.41193
616,9.769555,15.26871
617,12.98944,5.868339
618,15.62113,6.474136
619,10.13399,-2.499796
620,1.27228,6.644602000000001
621,28.93972,2.331538
622,-10.50514,20.75097
623,0.2242924,22.1642
624,23.20978,11.40963
625,17.61025,1.974165
626,7.3795600000000015,-5.537147
627,10.10124,5.6806550000000025
628,18.15361,9.892188
629,21.83601,26.09115
630,19.94091,14.92146
631,-1.475135,8.28278
632,-7.943030999999999,-3.830219
633,11.30458,8.819061999999997
634,20.7643,6.118451
635,12.46828,7.275092999999999
636,16.64017,1.672324
637,-11.45466,7.741682000000001
638,7.891755,-8.190833
639,5.2950300000000015,24.11116
640,6.695052,20.8704
641,5.536268,15.65921
642,-1.7861470000000002,18.38471
643,10.10925,19.378120000000006
644,12.36446,25.65443
645,24.26076,6.211672
646,-2.913374,-0.5345634
647,19.30486,14.99081
648,-7.134083,-5.31856
649,6.658128,-0.8207126
650,13.56779,3.181591
651,9.165157,12.44468
652,16.576520000000002,19.44045
653,13.04035,25.82305
654,12.10189,-7.604383
655,3.820956,7.389069
656,10.48589,11.97492
657,15.89318,17.60414
658,4.465372,18.83929
659,6.583345,25.99912
660,-3.657566000000001,8.821053
661,9.940546,-12.20743
662,28.13562,-7.671817999999999
663,7.351463000000002,3.724133
664,25.14936,4.756451
665,-6.347524,11.70047
666,8.469816,1.854826
667,15.9227,21.05449
668,13.16243,22.88495
669,6.61163,7.602461999999999
670,14.55212,-1.466516
671,5.984364,2.761451
672,-2.9907470000000003,18.67975
673,10.47763,13.9604
674,15.70686,3.711452
675,31.10299,3.897385
676,-0.2682848,14.07392
677,15.77137,3.525233
678,-4.961974,27.05419
679,10.78593,2.022093
680,18.0671,31.1079
681,7.007197,16.15708
682,5.3245830000000005,16.398020000000002
683,25.69982000000001,3.056635
684,20.72,23.58926
685,2.090151,9.11213
686,14.57106,-6.9908550000000025
687,15.51143,-5.554229
688,25.34928,25.96264
689,-2.523716,6.6824179999999975
690,-0.2446706,-0.7271909000000001
691,-3.787227,2.679385
692,4.1469190000000005,13.84954
693,3.629787,-4.12287
694,27.08326,19.22561
695,9.194675,18.3967
696,12.34312,2.642345
697,7.808153999999999,4.437537
698,11.60988,7.2919990000000015
699,5.989497,8.107000000000001
700,4.259951999999998,9.585877
701,16.388460000000002,16.90853
702,5.568457,7.2605520000000014
703,22.8137,7.456842
704,14.04878,15.9274
705,3.027084,7.603089999999999
706,18.73794,0.02478778
707,28.05616,31.56779
708,-0.3963638,-3.104964
709,-1.199626,12.69042
710,0.7270734000000001,2.26189
711,27.091590000000004,15.82479
712,8.936564,4.499611
713,18.23345,15.64262
714,-0.429218,2.211029
715,15.6607,19.98972
716,14.23374,15.76271
717,5.829822,10.34468
718,4.230915,1.735521
719,12.19179,15.03855
720,5.103175,3.64185
721,7.088660000000001,6.2657
722,0.01341287,14.39395
723,16.070510000000002,12.18371
724,31.6029,8.55297
725,-14.94727,16.5969
726,38.0434,2.138592
727,24.30645,7.067761
728,29.12768,5.9111660000000015
729,2.734299,9.551941
730,5.490974,15.10988
731,25.76946,3.324707
732,15.67774,28.04655
733,27.45951,4.004603
734,6.71577,17.91905
735,4.453012,4.265516000000001
736,21.77856,12.28597
737,12.709,12.25582
738,6.4600269999999975,2.503197
739,-8.207786,27.72911
740,9.914433,14.1201
741,14.48534,4.178134
742,15.60438,1.94312
743,-1.809368,9.6628
744,16.42695,-3.171427
745,6.084253,10.33377
746,8.627294000000001,-2.30743
747,14.28665,3.929615
748,-11.54532,-20.01888
749,5.575772,10.67374
750,-2.537058,10.25853
751,20.09051,9.33872
752,-8.85235,13.48051
753,4.209417,17.801070000000006
754,10.57944,13.80524
755,1.86462,11.39824
756,10.84852,18.48534
757,-0.7703359000000001,24.88074
758,14.36989,10.3415
759,1.489437,-4.19631
760,26.44959,3.562471
761,-4.266789,3.653826
762,8.976836,18.40393
763,20.77485,13.18247
764,27.63714,19.13911
765,16.29336,8.550991999999999
766,16.87829,14.83276
767,16.82551,9.976617
768,5.165351,6.9856
769,50.97437,19.26007
770,-0.1216837,14.117770000000002
771,-8.032164999999999,11.65195
772,-0.7711908000000001,9.478467
773,7.822278,4.63563
774,-2.542693,31.29946
775,12.41543,10.05657
776,10.44706,6.147121
777,10.02766,15.330329999999998
778,15.52898,5.241399
779,9.747575,11.99029
780,19.98159,14.5416
781,18.364320000000006,-4.5937800000000015
782,13.22721,7.873434
783,-0.5568769,6.233604
784,7.476011,16.644470000000002
785,-2.541061,16.41452
786,14.30498,11.84888
787,3.967357,20.72875
788,0.2271643,29.08483
789,11.57322,14.5351
790,2.318771,19.85869
791,1.748142,10.93859
792,17.782529999999994,4.558751999999999
793,-4.290225,4.425946
794,16.53104,4.671925
795,7.546088,10.27894
796,13.152029999999998,8.540096
797,0.5304746,18.33461
798,21.35885,27.10033
799,-0.5274979999999999,17.29681
800,12.94586,12.23683
801,20.56008,-0.5277433000000001
802,0.369141,-4.90859
803,10.88581,-2.084885
804,1.047853,14.6625
805,17.284689999999998,1.17794
806,8.224514,18.21265
807,18.79663,1.558912
808,2.294629,11.46264
809,13.16382,15.70806
810,11.96874,22.31844
811,18.1468,1.836594
812,6.30985,10.4237
813,12.49809,13.02343
814,6.254294,28.35686
815,20.57987,19.258470000000006
816,-0.675866,6.132365
817,-2.52902,29.84877
818,2.531129,31.62439
819,16.98884,14.57923
820,2.599834,20.39453
821,6.326382,0.826507
822,13.8971,7.505789999999997
823,-5.493487,19.43579
824,21.96003,24.61082
825,7.303667,2.841022
826,22.35765,1.493998
827,2.104918,5.705926
828,26.18462,-9.62667
829,20.80766,10.34603
830,10.57028,34.39865
831,-7.880563,13.95659
832,6.534681,16.05914
833,6.421189,22.4082
834,2.5363290000000003,2.955975
835,17.029429999999998,29.76824
836,-0.4862341,12.23679
837,1.188364,8.102704
838,-3.906957,5.578883
839,5.441873,5.874897
840,18.66013,-4.470882
841,13.33514,3.557717
842,24.12527,18.52547
843,12.98691,17.43439
844,13.358770000000002,9.173119
845,13.41857,-0.07619125
846,5.2243559999999984,22.71993
847,10.34212,16.27103
848,-0.3693704,11.25666
849,12.91639,31.99353
850,0.9090181,24.91849
851,-1.409272,9.203924
852,-4.365977,16.916610000000002
853,10.25595,22.35262
854,12.43669,10.23768
855,-1.170456,15.72802
856,-6.2296010000000015,23.02026
857,9.663633,25.29418
858,9.05127,12.58227
859,0.8767106,20.08131
860,4.492934,16.617639999999998
861,15.53079,10.37215
862,0.789848,22.08501
863,15.88278,10.7026
864,15.65385,1.855822
865,7.006049000000001,1.034778
866,18.06041,-0.4099859
867,19.50145,22.84672
868,14.34475,-0.5536328
869,6.584492,24.95815
870,0.7217060000000001,16.4536
871,8.034842,9.826132
872,22.07318,10.31959
873,8.208789999999999,16.102610000000002
874,-0.6540285,7.418589999999999
875,33.90343,3.274898
876,15.558320000000002,13.55292
877,7.387878,15.86786
878,5.051225,16.534370000000006
879,5.229687,18.39176
880,9.339954,9.981995
881,14.02917,2.41937
882,3.084545,30.35293
883,-9.022234,3.566726
884,8.187902000000001,10.07435
885,4.389926,10.11696
886,17.49107,9.631412
887,25.94192,6.535813
888,14.06103,2.905847
889,4.658055,-5.7647650000000015
890,19.84404,19.12729
891,15.56143,9.62353
892,7.178256,14.85566
893,22.64227,4.81697
894,-7.8042880000000014,-1.111585
895,-5.118906,7.387376
896,6.152764,14.22517
897,8.551857,24.93599
898,3.134369,-6.632367
899,-1.164893,18.86306
900,48.1905,56.00666999999999
901,48.32863,76.0944
902,31.44145,62.66712
903,37.60916,64.75492
904,52.68577,71.53609
905,48.723,83.29384
906,31.85518,59.354380000000006
907,55.55334000000001,57.31956
908,29.06337000000001,49.34992
909,50.45302,78.01416
910,33.5429,51.27797
911,45.11086,46.34557
912,43.73054000000001,67.13846
913,55.90229,44.41355
914,35.51136,63.02239
915,36.66438,60.00176999999999
916,39.22292,42.76795
917,25.76358,72.0769
918,42.31278,66.04035
919,46.66542000000001,58.45405
920,57.76221,50.79996
921,53.64062,53.19439000000001
922,55.59307,72.58209000000002
923,34.6382,62.93818
924,68.81378000000001,49.40914
925,38.22668,55.08212
926,42.41835,73.77797
927,44.42384000000001,52.0499
928,32.44594,52.46474
929,43.85302,49.00594
930,52.93561,51.52707
931,46.05927,70.18995
932,44.43309,58.9645
933,53.3247,66.99565
934,54.93488000000001,52.0303
935,44.00335,60.1725
936,38.54234,53.11563
937,26.89144000000001,60.17693000000001
938,27.22742,47.07473
939,24.60301,58.44653
940,45.18391,69.45772
941,35.58807,73.17408
942,28.12908,44.06283
943,39.83815,48.70388
944,40.05444,79.05227
945,54.45571999999999,49.34488
946,58.99003,59.51809
947,47.31255,47.80124
948,46.05767,70.08161
949,51.1862,60.57783000000001
950,58.01156999999999,62.87727
951,31.051240000000004,61.88555
952,32.63545,43.24568
953,59.21907,75.16453
954,40.6654,81.79757
955,35.82676,67.83398000000001
956,49.35519,75.29319
957,57.81302,55.61863
958,36.07083,51.26997
959,33.88886,48.83694000000001
960,38.75301,68.91596
961,44.30184000000001,53.37654000000001
962,43.40867,62.64091
963,36.25078,46.24887
964,35.66046,40.16179
965,44.1886,74.18132
966,42.35297,68.86938
967,59.72761,71.64868
968,41.7742,74.69192
969,39.48583,58.30031999999999
970,46.18587,49.02519
971,32.8916,50.17133
972,31.03531,72.2532
973,47.2611,67.1427
974,43.63065,63.04766
975,43.20379000000001,57.58694000000001
976,34.45682,54.82336
977,36.08501,68.00059
978,55.93224,63.07734
979,30.01013,67.8034
980,40.17444,50.23319
981,40.51248,61.16069
982,44.84228,59.17143000000001
983,44.95826,65.09772
984,49.34734,52.56688000000001
985,24.18327,63.48712
986,41.57294,48.41452
987,36.97141,65.02328
988,39.83944,49.22476
989,39.42764,46.07249
990,33.85577,58.8609
991,32.444520000000004,46.98045
992,35.12357,78.56973
993,36.99186,63.62753000000001
994,44.04283,69.94757
995,47.66477,59.80407
996,46.3599,59.65951999999999
997,71.56260999999998,53.91534
998,28.928690000000003,46.33052
999,47.19929000000001,41.39569
1000,48.15507,83.98581
1001,48.4477,54.65174
1002,35.18339,68.19836
1003,52.26128,50.64056
1004,35.77592,62.37214
1005,43.37792,60.65264000000001
1006,40.40879,53.21294
1007,46.39126,64.80001999999999
1008,61.87996,62.7935
1009,18.99094,54.79462
1010,35.54591,64.34436
1011,50.37548,68.05591
1012,54.54673,60.98913
1013,44.13707,53.40706
1014,45.55372,70.63025
1015,45.68042,41.9937
1016,55.04569,48.46728
1017,37.81383,42.24533
1018,33.56491,78.10993
1019,19.2699,67.18515
1020,37.28481,37.79198
1021,39.77556,44.83249
1022,35.46314,70.30631
1023,40.41439,65.25805
1024,26.7135,60.60958
1025,40.50345,57.22231
1026,29.83138,55.35326
1027,40.04233,60.38692
1028,40.95189,51.6069
1029,51.68887,52.47176
1030,24.69499,50.50501
1031,62.78684000000001,55.41728000000001
1032,21.08624,48.07032
1033,22.0205,45.01294
1034,41.01136,45.20848
1035,41.47629000000001,49.69875
1036,43.15526,69.96186999999999
1037,29.06922,31.39812
1038,33.97264000000001,58.3128
1039,35.58473,46.37667
1040,31.52146,61.44991
1041,38.50949,54.9348
1042,48.51959,45.1665
1043,51.80655,48.92263
1044,59.93333000000001,41.36604000000001
1045,37.52437000000001,65.41436
1046,41.38512,58.3734
1047,59.89985,45.3802
1048,46.32288,49.54236
1049,45.69158,60.92593000000001
1050,36.79516,78.20391
1051,30.70871,70.33036
1052,51.97064,80.70323
1053,50.47091,64.8867
1054,52.55752,66.85835
1055,38.0208,75.94703
1056,47.81833,58.65439
1057,45.85127,67.85252
1058,51.34424,68.26302
1059,37.33317,67.98246999999999
1060,45.61133,63.20619
1061,31.50764,65.71172
1062,28.51895,73.79701
1063,50.74807,53.57638000000001
1064,39.53701,69.93831999999999
1065,49.56372,68.6858
1066,57.41644,42.79595
1067,35.55559,58.52347
1068,42.96314,37.97548
1069,41.98642,55.80981
1070,32.55532,46.44257
1071,32.345279999999995,60.57506
1072,24.44857,51.36618
1073,39.53357000000001,64.53081999999999
1074,28.80983,55.80426
1075,39.83018,55.04155
1076,39.42011,44.53216
1077,42.75812,66.42826
1078,23.17606,56.86704
1079,25.55901,68.7241
1080,18.26403,40.02327
1081,30.70777,63.31014
1082,49.43437,79.62605
1083,41.15351,60.28376
1084,36.17541,65.56798
1085,44.08116,51.84447
1086,43.27453,68.85571
1087,49.39423,60.62898000000001
1088,50.53357000000001,46.03307
1089,42.95269,71.277
1090,30.574040000000004,76.27772
1091,35.20991,69.40798000000001
1092,39.5469,58.25396
1093,40.54202,68.29326
1094,42.14727,63.224
1095,39.30898,55.78019000000001
1096,50.05859,57.09342
1097,43.67538,63.21723000000001
1098,39.79353,43.73809
1099,43.44539,50.19695
1100,41.67813,55.28961999999999
1101,48.594,69.64589000000001
1102,38.46082,61.08416
1103,53.26524000000001,63.82018000000001
1104,49.0517,66.49995
1105,39.31737,67.48604
1106,41.24618,49.47654
1107,37.88715,59.91647
1108,41.14622,63.44699
1109,32.521640000000005,73.23534000000002
1110,41.10812,44.68184
1111,25.34895,55.25141
1112,41.9661,60.38896
1113,40.65187,61.11229
1114,31.38396,66.525
1115,59.78578,38.49133
1116,31.3399,63.09048000000001
1117,40.92554000000001,60.43771
1118,29.67727,66.38073
1119,32.59683,33.867090000000005
1120,20.88727,56.18753
1121,37.8447,51.01321
1122,40.57783,69.06488
1123,59.67326,74.55561999999998
1124,36.6854,50.43604000000001
1125,45.94,57.68176
1126,64.98144,79.71206
1127,36.98331,65.35463
1128,45.67468,55.15185
1129,37.51643,49.06353
1130,51.32067,56.63374
1131,46.13968,46.26812
1132,46.3057,50.07933
1133,58.78482,35.37284000000001
1134,24.40643,58.87376
1135,42.22782,61.23968000000001
1136,19.33637,69.78316
1137,39.09501,60.00454000000001
1138,31.54544000000001,56.18556
1139,46.81052,51.33483
1140,37.31417,60.64799
1141,35.31276,64.61462
1142,47.03397,66.32737
1143,43.20051,64.01385
1144,57.78369,73.30975
1145,51.95346,50.6932
1146,37.04092,60.51894
1147,33.26079,75.71045
1148,45.94416,71.49937
1149,35.73385,46.9001
1150,40.76379,67.68751
1151,35.145540000000004,65.5663
1152,35.66175,56.80016
1153,28.88317,43.26803
1154,31.27264000000001,66.3293
1155,34.13748,60.96088
1156,47.33729,68.169
1157,31.18816,78.43963000000002
1158,37.92156,63.1141
1159,53.294,55.50261999999999
1160,61.38426,59.91205
1161,43.75808,67.45812
1162,38.92632,43.12086
1163,30.63075,79.46695
1164,28.52392,59.14458000000001
1165,34.3243,60.94347
1166,24.5469,64.80247
1167,36.00817,46.68387
1168,21.60583,46.62644
1169,44.03259,64.42778
1170,33.99769000000001,56.55145
1171,43.60366,61.25346
1172,46.92525,54.08689
1173,50.50127,60.62361
1174,53.49198000000001,41.07875
1175,42.67635,55.93246
1176,27.99422,53.68188000000001
1177,39.43207,57.01566
1178,26.77366,63.055
1179,42.40971,49.95729
1180,36.22691,57.21221
1181,38.46163,67.33074
1182,43.78143,65.92309
1183,32.78291,73.01238000000002
1184,34.33231,60.31763
1185,38.62762,57.39558
1186,40.80154,39.94366
1187,34.4872,50.56793
1188,37.28235,51.46425
1189,36.29004000000001,72.62875
1190,27.32446,51.97536
1191,43.01795,72.62218
1192,30.62136,49.73988
1193,51.54357,37.5978
1194,54.47479000000001,52.03507000000001
1195,46.6837,76.38964
1196,36.40191,55.50854
1197,32.79919,57.24132
1198,63.01716999999999,51.67786
1199,30.48439,39.33047
1200,36.6763,87.27119
1201,18.94383,59.33327
1202,43.45898,51.92991
1203,37.48009,68.55787
1204,45.79938,71.73394
1205,39.69381,58.77897
1206,43.60521,51.59496
1207,49.18213,66.20721
1208,25.83677,47.10274
1209,30.90342,53.13581
1210,40.20493,60.96742
1211,46.98463,52.61281
1212,39.37106,46.29081
1213,40.281,59.03583
1214,40.44173,47.78119
1215,37.66053,59.73406
1216,38.11046,44.89672
1217,48.2845,41.49009
1218,49.2973,63.16118
1219,22.48131,74.58899
1220,52.90003000000001,58.66274
1221,39.1711,60.65303
1222,46.23943,65.03093
1223,38.69597,84.08148
1224,40.79527,49.7543
1225,42.84691,57.79911
1226,65.71859,53.45975
1227,32.24807,67.18961999999999
1228,37.50528,72.15233
1229,46.19626,63.37228
1230,46.93901,50.99902
1231,30.82879,59.55766
1232,53.35965,52.76179000000001
1233,48.15439,68.73671999999999
1234,33.211659999999995,38.87962
1235,29.92048,77.03939
1236,37.6465,56.99416
1237,35.9354,77.82079
1238,47.70036,64.47489
1239,25.77065,62.45383
1240,41.92523,57.7624
1241,34.45473,60.32253000000001
1242,30.77576,52.58115
1243,26.14364,66.58151
1244,47.21836,51.68076
1245,55.78841,57.97879
1246,43.2989,56.97968
1247,40.87212,27.31616
1248,49.88417000000001,32.45283
1249,20.55912,57.01987
1250,25.06116,44.75805
1251,26.01595,55.76411
1252,37.25416,65.31094
1253,53.36999,53.56238000000001
1254,38.84896,56.97574
1255,39.51915,61.65769
1256,37.02022,69.50709
1257,50.74908,56.24477
1258,35.7051,58.49562
1259,44.44394000000001,67.48245
1260,54.81738000000001,61.41306
1261,45.88216,63.42376
1262,39.53611,65.04189000000001
1263,44.80203,50.21186
1264,29.91771,71.56390999999998
1265,25.37846,64.61015
1266,41.21589,64.27741999999999
1267,51.48426,68.01100000000001
1268,59.85225,60.61618000000001
1269,51.70456,47.81819
1270,47.91999000000001,46.15824
1271,41.99199,65.34492
1272,53.38919,71.59792
1273,50.13654,58.47133
1274,43.55886,50.07811
1275,44.48821,73.62916
1276,27.92514000000001,67.88335
1277,36.57076,72.47041999999998
1278,35.29817,65.07594
1279,51.4997,63.69956
1280,49.04667,65.28074000000001
1281,38.21852,56.44799
1282,35.58804,44.72433
1283,27.65341,61.1188
1284,41.22976,53.65146
1285,32.00885,46.29029
1286,46.49651,55.93187
1287,25.12809,45.54561
1288,31.50795,35.048320000000004
1289,32.441,70.15026
1290,50.46987,56.49627
1291,53.02414,48.18963
1292,46.28482,64.75075
1293,21.90914,60.49558
1294,38.16132,56.99729
1295,32.70623,53.865080000000006
1296,30.58785,74.07853
1297,42.87658,64.60489
1298,41.16918,50.85736
1299,40.4065,56.96268000000001
1300,27.98043,54.99941
1301,39.86144,65.40418000000001
1302,44.06916,58.01787
1303,41.27358,47.03271
1304,29.50536,50.07637
1305,42.72526,52.06594000000001
1306,55.88999,57.75395
1307,43.43729,45.53989
1308,45.21592,56.23551
1309,21.46886,50.97331
1310,40.8175,63.63504
1311,34.897240000000004,64.74254
1312,38.82377,54.30611999999999
1313,39.81253,61.8196
1314,42.25532000000001,62.65005
1315,44.36548,49.87988
1316,31.58178,55.53971
1317,35.25133,53.15156999999999
1318,50.77632,74.22147
1319,46.64062,37.81122
1320,50.71756,53.06595
1321,49.07775,59.12901
1322,26.63234000000001,64.19726999999999
1323,48.79625,38.62079
1324,22.20029,73.11573
1325,44.41,53.04649000000001
1326,63.88825,48.97889
1327,33.57092,63.84941
1328,44.85232,62.17386
1329,43.81482000000001,57.73569000000001
1330,32.16317,58.71496
1331,34.76834,55.57443000000001
1332,27.02004,60.16687
1333,36.84926,46.01221
1334,36.16788,68.04738
1335,54.34972,51.9426
1336,47.11679,77.18788
1337,57.4229,32.305
1338,52.18029,65.10573000000001
1339,51.85909,67.51661
1340,49.03182,60.34069
1341,45.43005,59.77699000000001
1342,33.160070000000005,67.7972
1343,28.07412,60.4441
1344,37.39232,60.04588
1345,41.7159,54.8672
1346,32.7979,73.65913
1347,48.73786,49.54446
1348,55.61709000000001,57.06916
1349,26.59618,54.89858
1350,42.08567,40.12172
1351,52.21176,52.75539000000001
1352,36.55513,62.31943
1353,31.43811,50.33373
1354,40.87347000000001,69.90448
1355,25.97094,68.05601999999999
1356,35.18777,47.83521
1357,30.72323,53.49924
1358,41.99314,50.87471
1359,30.88503,59.03542
1360,55.63384,51.22741
1361,37.70752,54.48603000000001
1362,27.17879000000001,73.22714
1363,55.74353000000001,35.89603
1364,25.66439,58.53562
1365,17.00957,68.39095999999999
1366,43.95091,61.0425
1367,38.8072,53.42418000000001
1368,40.30421,55.30517
1369,39.78672,57.06535
1370,63.90414000000001,56.32496
1371,48.88094,67.82444
1372,58.40254,79.28048000000003
1373,39.70721,64.78928
1374,47.59079000000001,51.5511
1375,44.84636,52.34264
1376,21.27829,50.89752
1377,56.59843000000001,65.83452
1378,37.48017,57.39704
1379,49.15954,46.12192
1380,37.66307000000001,57.0688
1381,41.86126,63.41366
1382,51.73052,66.6951
1383,47.64847,58.08665
1384,35.17402,56.00186
1385,45.44158,84.85019
1386,63.14872,70.52519000000002
1387,42.08557,54.22346999999999
1388,46.01514,58.37922
1389,42.11817,66.59673000000001
1390,26.51054,64.8716
1391,28.67938,67.39531
1392,29.98758,56.67641
1393,23.97532,53.69432
1394,54.47663000000001,68.48246999999999
1395,25.66849,56.62031999999999
1396,36.40398,63.52458000000001
1397,37.76594,48.95203
1398,44.49676,53.93384
1399,41.21254,67.43937
1400,14.46949,62.26729
1401,26.00632,58.30301
1402,47.84569000000001,51.46759
1403,44.96501,81.81427
1404,52.12286,65.78259
1405,34.2726,65.021
1406,36.36313,63.94629000000001
1407,20.33037,62.20769
1408,58.24481,54.45848
1409,28.1422,76.06569
1410,40.83747,60.21198
1411,29.58027,51.32616
1412,41.68749,56.74836
1413,19.3453,49.81644
1414,39.10978,59.98583000000001
1415,30.06011,59.57409000000001
1416,30.11872,48.14224
1417,26.80173,69.78267
1418,41.4497,56.78115
1419,39.84126,49.97964
1420,59.78358000000001,61.26106
1421,45.44818,64.82023000000001
1422,58.4162,58.58034
1423,36.46915,65.33484
1424,47.39338,54.89619
1425,55.97659,75.71833000000002
1426,25.90733,51.43085
1427,56.32167,55.58431
1428,59.47724,54.72548000000001
1429,36.04946,34.22141
1430,34.61991,75.20385
1431,40.56393,60.7759
1432,23.05746,43.83699
1433,49.64375,49.0249
1434,22.87106,59.36683000000001
1435,41.12026,55.79939
1436,55.2759,52.32505
1437,45.41858,69.30771
1438,42.58969,48.27374
1439,59.78563000000001,54.97828000000001
1440,46.41741,52.72119
1441,13.429479999999998,57.03562
1442,50.9471,56.93176
1443,46.0973,47.2256
1444,34.89751,71.07395
1445,26.31495,49.99565
1446,30.89327,79.22578
1447,43.23482,46.73741
1448,44.94405,50.6335
1449,45.22232,80.58161
1450,7.826419,39.47855
1451,33.076190000000004,72.86371
1452,52.04657,62.56454
1453,41.67568,60.35936
1454,55.84756,67.5848
1455,36.04547,49.41498
1456,36.28569,60.10168
1457,45.72856,50.07189
1458,39.05539,54.94165
1459,20.2726,48.62656
1460,27.33974000000001,51.36997
1461,46.13468,55.69144
1462,44.96999,65.99128
1463,46.39057,67.48663
1464,47.08233,60.20998
1465,36.53939,60.50986
1466,38.75325,61.35403
1467,42.64909,57.29917
1468,23.09582,70.34206
1469,42.44851,44.21829
1470,33.49563,71.32774
1471,47.07288,55.7378
1472,24.9612,53.32379
1473,45.48775,65.85651
1474,59.20356,68.74465
1475,44.00992,50.52786
1476,43.68642,83.65863
1477,41.87053,51.92226
1478,43.72969000000001,46.00091
1479,38.52629,76.75724
1480,53.42536,73.632
1481,39.33739,51.29871
1482,36.66598,51.51536
1483,41.96913,61.30644
1484,35.25198,60.78493
1485,33.56147,59.85432
1486,33.07125,49.41556
1487,48.44303,51.90851
1488,40.75025,68.0989
1489,50.35784,54.57351
1490,44.57279000000001,78.77866999999998
1491,24.52693,68.57829
1492,54.20255,63.61836
1493,41.30357,66.8662
1494,37.41374,71.92524
1495,26.862040000000004,55.37459000000001
1496,39.55137,43.2294
1497,47.00566,53.65933
1498,38.12361,57.12999
1499,37.52485,80.64694
1500,39.20578,62.21249
1501,52.36179,58.99351
1502,45.0324,47.69177
1503,40.86912,38.84561
1504,48.08253,68.39591999999999
1505,54.8749,66.84655
1506,24.57269,71.18354000000002
1507,35.00761,57.033
1508,43.44146,65.25961
1509,43.16221,47.03518
1510,34.24286,62.92888000000001
1511,43.58324,56.57035
1512,36.35557,67.91736999999999
1513,35.1833,55.002280000000006
1514,44.51795,68.3382
1515,54.39144,37.30894
1516,45.86727,87.3137
1517,39.09084,66.78102
1518,27.79925,58.74916999999999
1519,33.06475,78.47807
1520,23.54635,55.19841
1521,43.46392,64.71713000000001
1522,35.42679000000001,54.08204
1523,34.19314,71.58672
1524,10.8867,68.44097
1525,56.59104,64.01100000000001
1526,47.3817,56.87357
1527,38.49504,60.46255
1528,52.51262,67.06044
1529,44.5458,57.88389
1530,44.03849,53.62613
1531,36.41589000000001,56.97656
1532,50.31431,61.40527
1533,30.72297,53.84721999999999
1534,29.87761,61.21636
1535,59.26816,69.29843000000001
1536,35.04088,61.20282
1537,44.87322,43.20948
1538,29.24664000000001,51.7367
1539,50.04572,53.45699000000001
1540,47.97724,69.38969
1541,29.6133,70.91985
1542,30.89345,61.36776
1543,31.74421,58.71527
1544,36.60416,56.83749
1545,47.78417,53.40695
1546,23.22726,57.4777
1547,51.37993,65.01276
1548,31.36008,63.86529
1549,46.77678,65.41521999999999
1550,44.1524,46.76581
1551,41.43843,54.11403000000001
1552,53.77942,55.54833000000001
1553,33.7694,79.58606999999998
1554,35.79716,55.52056
1555,30.53843,72.95658
1556,46.22857,34.535509999999995
1557,39.67892,62.87499
1558,36.81919,52.38703
1559,34.27178,48.92915
1560,42.32842,63.12152
1561,46.33527,63.28706999999999
1562,53.53398000000001,51.14082
1563,40.61128,50.21093
1564,50.62107,40.45209000000001
1565,36.47783,78.33963
1566,52.38983,64.53774
1567,30.01806,75.31725
1568,39.00967,50.87296
1569,22.71875,67.99089000000001
1570,61.24,65.89064
1571,39.18396,65.65822
1572,44.69035,57.93645
1573,58.0471,69.76289
1574,51.25563,61.33045
1575,46.92124,83.3785
1576,46.25302,66.06521
1577,52.40546,66.73065
1578,40.28902,53.28891
1579,44.73831,63.29274
1580,43.15397,65.65951
1581,44.85846,77.73084
1582,42.86439,67.90505
1583,56.25276,58.54541
1584,51.62415,67.15460999999999
1585,44.7667,61.48524000000001
1586,48.91067,66.60661
1587,20.23477,59.03073000000001
1588,18.98427,70.79776
1589,16.33768,68.84142
1590,49.40031,47.88199
1591,41.66533,67.50779
1592,59.2293,74.68412
1593,58.47326,53.63286
1594,62.36666999999999,50.95881
1595,21.85536,54.86045
1596,40.38865,61.31855
1597,40.74187,47.65873
1598,58.00854,42.82972
1599,45.35452,41.83214
1600,66.66133,50.6532
1601,33.77558,62.47507
1602,48.09134,64.89226
1603,40.08256,51.44899
1604,29.58933,58.19596
1605,43.58031,65.94927
1606,53.30803,36.98284
1607,28.87137,51.90188
1608,56.40753,62.59392
1609,29.47485,32.19725
1610,33.29645,67.43765
1611,38.72936,56.59565
1612,32.29439,53.9696
1613,32.41527,48.44307
1614,45.76281,64.38473
1615,33.8258,59.16824
1616,22.67527,54.22386
1617,13.199420000000002,60.1388
1618,29.50579,55.28771
1619,45.70325,56.31371
1620,43.70217,61.486
1621,29.53128,66.01217
1622,34.58708,54.27694
1623,51.84493,61.97
1624,46.43159,55.3816
1625,47.37223,63.45379000000001
1626,28.52821,68.99037
1627,53.74314,61.20763
1628,29.91581,63.06654
1629,51.85804,68.08115
1630,24.65317000000001,60.97069000000001
1631,45.07661,64.13075
1632,34.09175,59.97359
1633,49.69564,67.62843000000001
1634,43.0814,55.20282
1635,36.45465,50.92306
1636,45.95494,50.09121
1637,34.863040000000005,61.43269
1638,31.35199,65.54097
1639,28.85687,70.20236
1640,38.01644,45.00452
1641,39.33137,61.01991
1642,45.43656,53.36308
1643,21.14175,39.8683
1644,52.64809,71.72782
1645,36.58138,39.92153
1646,36.92193,64.58077
1647,17.71107,64.94933
1648,43.15869,54.23448000000001
1649,47.18889,60.86159
1650,43.73414,62.9692
1651,46.89299000000001,65.56661
1652,42.87272,43.29337
1653,40.53452,61.72891
1654,48.3142,54.04765
1655,38.05576,45.26198
1656,22.1779,68.1016
1657,56.94226999999999,86.55324
1658,34.75308,55.7262
1659,33.97889,52.78297
1660,40.91016,65.19449
1661,33.7199,57.27735
1662,49.14691,64.16595
1663,48.61678,65.28603000000001
1664,28.11857,45.33089
1665,20.4317,51.46033
1666,50.93737,74.1835
1667,22.29103,75.65685
1668,43.51035,58.55402
1669,60.11131999999999,58.98568
1670,61.21623,69.80801
1671,48.33622,41.19602
1672,33.39445,65.82391
1673,29.34521,59.855880000000006
1674,54.38664,80.36837
1675,34.7127,57.47011
1676,40.33881,57.22665
1677,62.24166,51.57828
1678,40.15035,56.58465
1679,38.71685,70.14773000000001
1680,39.12633,60.63593
1681,51.69781,63.27919
1682,25.68791,40.27335
1683,47.94294,43.08792
1684,67.88265,60.98403
1685,26.55077,50.80384
1686,46.29426,47.39325
1687,31.52882,62.19854
1688,57.78245,63.38965
1689,38.04019,67.43048
1690,37.7145,51.81503
1691,62.57692,60.83238000000001
1692,28.86001,51.2246
1693,41.62214,58.10787
1694,23.74967,67.99766
1695,46.85755,54.24618
1696,37.5762,62.86578000000001
1697,56.43054,64.46651999999999
1698,23.42326,62.49845
1699,44.27762,57.30138
1700,40.88654,73.0129
1701,35.14983,69.20756
1702,24.17791,55.47302
1703,41.70554,59.55818000000001
1704,36.33261,42.50658
1705,39.01491,47.29492
1706,44.81983,67.23057
1707,40.07327,53.91739000000001
1708,30.90242000000001,79.43701999999998
1709,36.81031,51.52639
1710,43.03812,57.54671
1711,32.79469,64.19816
1712,37.48284,63.44551
1713,45.29159,76.73057
1714,35.24219,55.9317
1715,38.39624,63.38412
1716,34.79193,55.69379
1717,48.43391,46.13215
1718,59.01439,65.74738
1719,35.53230999999999,63.11478
1720,40.90201,74.3216
1721,41.53148,42.03367
1722,35.52626,83.71515
1723,27.84255,60.091
1724,43.60266,62.19615
1725,24.29746,62.7834
1726,30.38543,52.90134000000001
1727,52.67648000000001,32.67734
1728,36.9756,68.24067
1729,37.8756,68.28506
1730,48.75739,53.39937
1731,56.86054,59.49221
1732,57.58251,67.85455
1733,42.30235,54.44661
1734,56.72005,71.69892
1735,34.09218,56.2818
1736,47.25593,56.96026
1737,23.48291,54.36535
1738,23.12866,65.25963
1739,51.5916,62.71912
1740,20.53896,47.69149
1741,51.81452,52.07644000000001
1742,48.44256,51.18517
1743,62.44255,45.78976
1744,17.27593,60.46275
1745,53.77579,65.79630999999999
1746,37.08417,63.94993
1747,47.97955,55.61669000000001
1748,35.22937,74.55077
1749,26.42555,55.0765
1750,40.20962,64.5191
1751,58.95403,59.6799
1752,17.213810000000002,69.54397
1753,32.95241,52.18707
1754,59.68467,40.53054
1755,30.58042,63.08006999999999
1756,48.74949,70.51133
1757,50.65636,59.32031
1758,40.4251,50.73494
1759,45.28402,51.53691
1760,34.34718,47.58747
1761,38.59024,51.33721
1762,40.71961,74.12315
1763,40.37913,50.36806
1764,47.26266,70.09016
1765,34.55216,56.49265
1766,42.125,66.37105
1767,56.81907,44.97096
1768,53.69396999999999,66.83374
1769,45.11847,74.85613000000002
1770,27.42444,66.70893000000001
1771,11.50407,56.95046
1772,49.0322,62.76543
1773,23.48502,75.85309000000002
1774,50.98872,71.68141
1775,27.57767,62.33503
1776,47.66222,65.10868
1777,45.13893,67.17903000000001
1778,45.78568,69.31007
1779,47.92223,65.00936
1780,48.03205,47.78571
1781,43.65009000000001,56.48259
1782,28.54301,59.48517
1783,48.14451,60.26351
1784,30.73458,53.41976
1785,41.65806,72.97176999999998
1786,47.42073,72.11551
1787,54.31567,51.07155
1788,37.98036,67.0989
1789,58.32997,63.25209
1790,43.19876,60.36071999999999
1791,28.113090000000003,72.51996
1792,37.01089,69.21339
1793,32.97436,69.77639
1794,34.20864,61.29887
1795,31.93696,62.87588
1796,30.94324000000001,70.95922
1797,43.49319000000001,59.84101
1798,27.81164,72.67459000000002
1799,32.15255,42.51905
1800,51.29612,79.81878
1801,38.0315,54.71503000000001
1802,29.27812,62.24455
1803,44.40411,68.84855
1804,23.34787,61.94084
1805,49.36656,64.14016
1806,17.60005,69.14876
1807,30.85341,54.0978
1808,44.90497,63.7959
1809,57.36587,58.50857
1810,49.0943,69.75703
1811,26.6611,68.32285
1812,40.70467,53.43072
1813,28.55086,56.30226
1814,36.25912,59.3196
1815,48.98826,66.10667
1816,33.26312,69.86829
1817,32.02353,58.18483000000001
1818,27.304240000000004,55.4792
1819,51.44975,71.13834
1820,59.81329,47.9164
1821,51.14651,60.19600000000001
1822,61.69583000000001,47.11762
1823,36.56804,68.23382
1824,40.64832,66.75034000000001
1825,45.86368,68.31128000000001
1826,44.60644,60.16793000000001
1827,35.88663,49.38532
1828,57.68279,60.16859
1829,51.6255,49.49683
1830,42.5861,62.54503
1831,46.0202,56.69676
1832,46.45453,58.70955
1833,38.30502,49.6469
1834,48.84556,65.31183
1835,30.15666,63.67134
1836,38.53791,56.76666
1837,23.9704,68.72659
1838,50.02861,63.9783
1839,45.18616,61.15616
1840,43.502,73.08999
1841,44.7494,43.9657
1842,60.56076,43.47697
1843,51.11581,80.65344
1844,35.88928,62.03462
1845,32.33509,52.6811
1846,49.07877,68.18728
1847,50.33895,64.57106
1848,49.26652,79.60231
1849,18.55579,68.16774000000001
1850,41.00905,45.10266
1851,28.00344,61.47371
1852,18.14624,60.1302
1853,53.95843000000001,68.46303
1854,52.5372,68.16769000000001
1855,38.93926,62.98392
1856,29.05058,62.4427
1857,41.75223,64.63294
1858,37.64791,47.91551
1859,48.79252,64.57806
1860,51.77635,55.95868000000001
1861,27.10765,58.84145
1862,38.6845,49.5615
1863,44.48639,56.53763000000001
1864,23.60541,43.46694
1865,38.7037,61.0992
1866,43.00739,55.95437
1867,51.56791,63.63943
1868,25.26915,63.87523
1869,42.56982,67.66801
1870,38.08915,64.5408
1871,34.78496,45.51393
1872,35.88933,55.3666
1873,47.22242,66.03583
1874,51.96253,51.7511
1875,40.78976,59.28554000000001
1876,41.27407,67.80852
1877,44.66972,69.17705
1878,39.15088,54.56051
1879,29.16955,64.9487
1880,31.77423,66.87607
1881,53.4651,62.77485
1882,40.41047,72.14114000000002
1883,42.61213,59.06376
1884,39.57467000000001,62.27438000000001
1885,54.50277,49.35228
1886,57.91767,56.73445
1887,45.64944000000001,53.13589
1888,21.88918,49.30231
1889,51.04494,68.31933000000001
1890,42.09716,72.15952
1891,43.04227,53.48631999999999
1892,47.14463,56.0835
1893,45.62461,77.81975
1894,55.20789,58.71653000000001
1895,36.05181,53.08629000000001
1896,43.73998,58.94337
1897,34.23256,65.07769
1898,20.95196,74.2487
1899,32.883140000000004,79.69149
1900,38.36533,59.0739
1901,44.56165,52.40328
1902,39.33794,70.14443
1903,49.1245,67.76719
1904,22.91567,56.11771
1905,45.63892,47.58675
1906,42.75653,63.07043
1907,46.39609,68.40751
1908,46.88703,66.433
1909,54.88489000000001,75.612
1910,34.0548,57.12219
1911,37.38898,62.3226
1912,48.23034000000001,62.03111
1913,54.79646999999999,59.39724
1914,59.52773000000001,50.58208
1915,50.2512,67.96679
1916,46.22677,54.53655
1917,48.98464,58.14621
1918,45.09392,64.88113
1919,44.77223,44.4438
1920,34.00083,59.08957
1921,28.31505,36.30374000000001
1922,53.05011,67.34682
1923,25.10745,42.70245
1924,46.08558,61.97675
1925,50.62893,45.19788
1926,46.68802,47.42063
1927,43.07386,77.93637
1928,36.70228,53.66054000000001
1929,11.47373,68.61527
1930,42.08087,66.43765
1931,37.96224,52.46353000000001
1932,28.30779,70.53446
1933,59.18555,62.19979
1934,43.39802,63.35423
1935,37.68739,55.33306
1936,48.85135,64.6936
1937,42.29553,61.3545
1938,53.10208000000001,61.65183
1939,44.18706,56.29505
1940,47.34497,61.47756999999999
1941,34.5298,67.07189
1942,22.82447,57.02137
1943,48.27827,53.97093
1944,45.27673,52.04495
1945,44.17967,64.35678
1946,33.85752,60.59858000000001
1947,29.57068,55.91483
1948,43.5061,62.07275
1949,26.33832,73.38955
1950,13.77208,64.03381
1951,37.39434,60.17785
1952,25.09434,55.0823
1953,41.91991,45.2935
1954,54.314780000000006,53.6106
1955,42.18649,61.34159
1956,47.74056,60.98222
1957,38.6671,54.8464
1958,34.33136,63.66866
1959,45.49676,46.21109000000001
1960,48.64805,50.69878
1961,59.7194,53.67238
1962,48.14389,64.17408
1963,55.16922,76.47846
1964,51.50727,65.82463
1965,42.69824000000001,71.33099
1966,52.7367,66.52017
1967,44.49347,44.03264
1968,42.79715,51.57061
1969,50.60694,52.83994000000001
1970,37.5125,68.15924
1971,46.73844,65.58825
1972,30.74257,54.61626999999999
1973,52.50878,63.62914
1974,18.06539,67.96441
1975,36.22066,49.6668
1976,26.8746,69.52796
1977,46.44655,53.95027
1978,37.5481,59.69554
1979,26.17275,73.02736
1980,42.92903,70.03363
1981,36.25652,64.53602
1982,32.719390000000004,57.83974
1983,45.61599,61.58367
1984,39.26789,57.98376
1985,34.55469,66.68845
1986,36.45908,70.13852
1987,41.83166,77.96375
1988,25.83818,63.53773
1989,27.9007,58.79853000000001
1990,41.00502,68.62589
1991,34.09975,75.41776999999998
1992,29.14662,51.12136
1993,41.39825,53.92034
1994,54.13261,51.89971
1995,36.2243,62.59828
1996,29.95055,56.40722
1997,46.80503,70.14497
1998,41.96831,67.27118
1999,12.71827,62.29628
2000,44.39297,59.58195
2001,24.46523,63.57868000000001
2002,29.6177,59.74445
2003,21.74248,50.45285
2004,29.35508,70.05808
2005,27.226440000000004,75.18531999999998
2006,51.79697,61.69157
2007,44.62026,47.41006
2008,34.06684,52.82305
2009,43.62076,50.27394
2010,42.41596,68.93131
2011,49.61633,54.8229
2012,33.73294,67.42624
2013,55.72386,76.51932
2014,27.83457000000001,62.72257
2015,49.89798,51.15889
2016,60.58085,69.45195
2017,56.16206999999999,70.20759
2018,51.31114,74.59144
2019,40.39541,54.17054
2020,52.45226,55.42988
2021,45.69188,51.24299
2022,45.85658,65.63105
2023,55.69338000000001,65.96500999999999
2024,36.04146,62.1499
2025,28.33257,70.274
2026,41.79587,77.08113
2027,38.54986,81.29446999999998
2028,40.67175,54.77458000000001
2029,38.67076,67.80664
2030,35.75459,52.14807
2031,47.64047,62.95349
2032,44.38814,50.86422
2033,55.07092,45.49946
2034,47.48012,58.80583000000001
2035,40.05356,72.84874
2036,41.29422,67.83528000000001
2037,36.53526,78.04978
2038,23.52244,51.33826
2039,42.98621,55.51208000000001
2040,25.60867,47.51016
2041,31.30385,71.48902
2042,54.79936,68.69215
2043,33.320640000000004,69.45271
2044,42.24906,47.52644
2045,29.504,48.87712
2046,31.42953,52.80237
2047,51.66205,57.32731999999999
2048,38.16498,53.45429
2049,44.65573,61.14825
2050,68.77616,-23.90883
2051,56.22534,-5.294665
2052,84.62974,-8.592495
2053,95.91765,-17.08491
2054,66.93266,-3.231932
2055,68.5361,-26.18595
2056,76.53591,-3.304326
2057,76.23439,-11.4189
2058,54.16949,-19.01123
2059,72.58261999999998,-16.83923
2060,81.56219,-1.6943830000000002
2061,67.99164,-17.64808
2062,64.71255,-14.86299
2063,70.76205,-13.4053
2064,80.15953,-1.895146
2065,64.54890999999999,-1.18837
2066,72.76769,-1.913954
2067,79.9837,-20.64003
2068,79.13871,3.93355
2069,44.28213,1.785785
2070,64.1403,-9.613207
2071,59.16926,13.10082
2072,81.54203000000003,8.749848
2073,74.12215,-22.66961
2074,69.51984,-12.94162
2075,80.76501999999998,-7.238871
2076,54.98248,-5.827399
2077,63.85516,-1.502977
2078,70.24579,-22.48083
2079,64.31788,-12.37871
2080,86.6356,-20.3488
2081,84.94551,-11.81974
2082,84.22009,0.2136558
2083,64.29858,-7.7486380000000015
2084,78.10973,-14.83134
2085,75.86112,-11.63541
2086,90.31363,-6.734307
2087,62.72575,-18.50824
2088,75.54213,-4.170342
2089,65.45658,-10.57994
2090,61.91086,-20.55287
2091,59.13503000000001,-18.54382
2092,60.52482,4.0029580000000005
2093,80.68502,-10.62564
2094,66.77925,-6.613982000000001
2095,66.15932,-12.41949
2096,66.32986,-0.9856625
2097,63.90113,-8.54786
2098,82.86773000000002,-7.530378
2099,85.21556,-24.69871
2100,67.60797,6.669538
2101,66.35771,-24.43254
2102,65.34889,-16.15385
2103,95.9356,-13.87495
2104,55.30122,-3.164437
2105,53.70588000000001,-22.06458
2106,58.04943000000001,-2.860465
2107,75.83075,-11.85008
2108,61.31218000000001,-19.0784
2109,77.7234,-2.877346
2110,85.97015999999998,-17.81126
2111,68.26375999999999,-19.15556
2112,77.10473,-19.01528
2113,78.19131999999998,-8.509058
2114,65.10429,-3.43562
2115,79.52807,-27.63379
2116,75.18258,-6.52501
2117,73.22818000000002,-3.601662
2118,67.87865,6.6700399999999975
2119,67.49999,-3.656658
2120,68.73451,-14.8505
2121,68.80344000000001,0.2036219
2122,70.23388,-1.111902
2123,74.11479,-7.362882000000001
2124,52.94662,-26.11158
2125,61.4234,4.10658
2126,75.64492,-27.29068
2127,70.19157,-15.42674
2128,57.02136,-28.37956
2129,62.74637,-13.188
2130,65.85207,-20.20264
2131,74.1682,-9.089777
2132,69.75043000000001,-0.3842613
2133,57.04818,-16.48449
2134,78.25997,-7.99833
2135,63.72304000000001,-24.23505
2136,64.25357,-12.80524
2137,60.51129,-0.3604612
2138,64.83588,-2.828358
2139,64.00904,-28.74335
2140,84.36928,1.672451
2141,65.89381999999999,-9.091981
2142,66.97235,-19.93247
2143,84.08383,6.8520119999999975
2144,68.23765,2.762476
2145,72.25073,-17.15958
2146,55.23472,3.789266000000002
2147,75.93697,-4.40856
2148,68.67339,-4.801611
2149,56.01145,-17.8486
2150,77.52585,-15.70033
2151,88.95076999999998,-19.44843
2152,61.68006999999999,8.509057
2153,94.70014,-6.385033
2154,66.70215,-29.732640000000004
2155,77.82463,-10.06171
2156,87.91064,-30.96477
2157,61.9166,-8.827060000000003
2158,80.87708,-0.7162395
2159,80.89673,-23.38986
2160,66.70298000000001,4.803512
2161,63.19015,-20.61243
2162,76.81371999999998,-26.90243
2163,65.06876,4.386009
2164,95.32207,-16.98335
2165,57.72156999999999,-15.60494
2166,55.37355,0.15829129999999994
2167,69.38056999999999,-12.99076
2168,67.81506,-4.811255
2169,76.97593,-8.36036
2170,77.27475,4.903346
2171,83.35947,-22.26367
2172,61.09789,-14.29766
2173,65.82687,-19.21419
2174,74.95858,-4.134062
2175,62.60687,13.20539
2176,51.71922,-0.1788583
2177,74.93252,-0.5864232
2178,79.38506,-19.2217
2179,75.77722,-26.50406
2180,58.46341999999999,-15.13272
2181,75.47081,-22.60266
2182,44.91439,-5.197128
2183,68.68961,12.47448
2184,61.03369,0.7950335999999999
2185,58.83893000000001,-2.276435
2186,82.02278000000003,-8.854353999999997
2187,70.77445999999998,-12.75299
2188,79.77535999999998,-28.66915
2189,74.93503,-3.32777
2190,72.12925,-12.27785
2191,80.84456999999998,-2.636685
2192,57.63159,-1.221671
2193,80.52416,6.845383
2194,63.2352,-24.72682
2195,82.18422,-29.512190000000004
2196,97.35694,-2.163071
2197,60.78475,-31.03982
2198,70.74291,-22.15998
2199,74.0169,14.51656
2200,66.91939,-12.24789
2201,76.09503000000002,4.343312999999998
2202,81.78097,-8.727155999999999
2203,80.09553000000002,-4.232298
2204,73.32889,1.538375
2205,62.58947,4.468431
2206,67.35439000000001,-16.61995
2207,86.32658,-14.45837
2208,71.04987,-2.683244
2209,83.78761999999998,26.49733
2210,74.85746999999998,-5.0595050000000015
2211,77.72216,6.093524
2212,68.97789,-4.123292
2213,59.17706999999999,-14.73758
2214,50.49705,-17.90728
2215,80.156,6.28412
2216,73.31786,-9.305126
2217,59.61196,-4.425068
2218,68.88152,-9.893832000000002
2219,88.66383,-7.9094380000000015
2220,54.22847,-16.32238
2221,71.32836,2.896152
2222,77.83041999999998,-5.410922
2223,72.29527,-1.6438080000000002
2224,60.87722,-22.1124
2225,90.33483,-5.948239
2226,74.31378000000002,-20.85082
2227,73.68491999999998,-4.392175
2228,67.73080999999999,-18.78214
2229,70.87401,-13.91332
2230,58.89813,-1.263629
2231,61.02101999999999,-13.00759
2232,63.88495,4.276434
2233,60.26458,0.7716272
2234,70.30639000000001,-11.66815
2235,73.19178000000002,-4.823114
2236,58.26951,-13.58154
2237,73.82600000000002,-5.2966989999999985
2238,76.70215999999998,-7.703344
2239,69.07478,2.6927380000000003
2240,55.76127,-27.63965
2241,84.63778,0.841825
2242,74.96148000000002,11.91875
2243,57.6636,-23.91239
2244,64.04885,-6.910765
2245,71.5033,-0.02369585
2246,82.15275,-21.6081
2247,63.34114,-25.3215
2248,73.77465,-8.064701
2249,72.78902,-25.23712
2250,60.628,-17.69653
2251,70.46724,-13.25096
2252,71.33598,-35.30175999999999
2253,78.18223,-4.003611
2254,65.29634,-14.71507
2255,79.06381,-17.52429
2256,59.79717,-15.80204
2257,77.98643,0.14855
2258,79.18679,-22.84098
2259,61.1682,-17.87923
2260,73.55363,3.718564
2261,71.21540999999998,-7.743013
2262,72.69725,-10.52523
2263,66.1658,8.654269000000001
2264,66.57901,-7.96869
2265,77.53841,-7.255456
2266,68.90079,-1.174505
2267,75.15744000000002,-4.303189
2268,60.93241,-19.6263
2269,70.77526999999998,-15.19386
2270,61.57277,-19.84966
2271,74.40188,-12.65376
2272,76.09886999999998,-8.812416
2273,63.0071,4.700768
2274,55.08188000000001,-13.81331
2275,62.74949,-7.885534
2276,69.52172,-11.22383
2277,72.21619,1.537016
2278,86.36201,-19.03397
2279,57.06537,-8.751387
2280,65.3979,-1.594234
2281,62.21588000000001,-17.88168
2282,66.55029,-26.34649000000001
2283,63.71606,-2.147129
2284,61.24889,11.37515
2285,67.01504,-13.9139
2286,76.54024,7.571401
2287,51.77094,-18.34046
2288,85.88293,3.30276
2289,61.10013000000001,-12.41815
2290,59.85202,-5.652476
2291,75.82624,-20.09061
2292,61.68382,-13.309220000000002
2293,57.11461,-14.71895
2294,77.37225,-1.998448
2295,56.9189,-5.607814
2296,68.24065999999999,-16.7783
2297,70.99341,-20.21861
2298,55.90017,-24.42781
2299,65.72708,-12.62672
2300,86.9104,-2.218481
2301,60.30796,-21.13974
2302,58.89599000000001,-13.65608
2303,64.42315,2.896175
2304,68.26449000000001,-1.292433
2305,60.80457,-16.41014
2306,74.24806,-23.90477000000001
2307,68.40987,-1.351733
2308,75.19914,-17.88874
2309,53.99338,-16.79015
2310,64.66423,-11.21753
2311,78.41882,-8.131473
2312,90.1256,-24.57763
2313,78.52343,-23.97729
2314,69.83008000000001,-6.202702
2315,76.66716,-10.95484
2316,73.33869,-14.50632
2317,54.61538,0.822026
2318,75.07177,2.72507
2319,72.55125,16.4744
2320,75.25325,4.462008999999999
2321,63.05424,-12.70489
2322,74.84572,-6.9136380000000015
2323,81.29542,-18.13609
2324,86.43307,1.7146
2325,58.70364,-4.059786
2326,50.14929,-14.31598
2327,63.98909,-11.18955
2328,65.58124000000001,-11.16373
2329,78.43384,1.611536
2330,81.6864,-7.565635
2331,71.32661,-24.2114
2332,56.50423000000001,-0.6708519000000001
2333,66.49155,-11.93227
2334,77.01996,-7.084207000000001
2335,83.91402,-1.3721299999999998
2336,69.80927,-12.62827
2337,59.75429000000001,1.039816
2338,97.82028,-16.56395
2339,91.93916,-1.150087
2340,67.92403,-17.03266
2341,61.81742,9.498615
2342,71.14845,-8.638981
2343,66.59299,-32.46637
2344,68.46967,-30.534990000000004
2345,75.83458,-3.566499
2346,79.48316,-30.800590000000003
2347,63.92749,-11.3843
2348,67.65975,-9.337537
2349,67.92515999999999,4.484799
2350,65.09831,-11.52629
2351,70.69653000000002,-15.150479999999998
2352,77.50496,-9.722227
2353,88.75939,-10.3208
2354,66.10896,-26.77577
2355,48.80508,-22.4844
2356,77.87479,-5.751227
2357,74.65789000000002,-8.919705
2358,82.11505,-1.623908
2359,73.36298000000002,-14.605429999999998
2360,71.40567,-4.340033
2361,58.62062,-10.19077
2362,65.29805999999999,2.156136
2363,72.86081,-11.82809
2364,71.3769,-9.252214
2365,84.13731999999997,8.626088000000001
2366,70.62952,-29.13831
2367,74.71705,-17.16086
2368,69.74262,-8.386807000000001
2369,72.60228000000002,-4.416258999999998
2370,62.13006,-22.79853
2371,60.11729,11.88867
2372,76.74555,-17.363889999999998
2373,67.41577,-9.266467
2374,73.11009,-23.10049
2375,79.32548,-15.70281
2376,104.3766,4.351511
2377,66.86716,-19.87777
2378,89.33103,-12.80378
2379,35.74094,-24.00127
2380,76.09913,-18.21636
2381,69.3201,-5.764337
2382,64.45351,-9.646416
2383,81.06175,-21.19148
2384,58.83277,-3.300213
2385,59.77071,-6.5734270000000015
2386,69.73292,-22.09676
2387,66.791,-10.47102
2388,49.65516,-1.869738
2389,70.70066,-15.89514
2390,72.20053,-12.37627
2391,65.95326,-16.931829999999998
2392,74.20015,-14.89715
2393,72.81212,-3.046355
2394,57.88044,-4.081336
2395,48.90072,-21.98084
2396,61.67483000000001,4.149319
2397,72.80554000000002,-5.543254
2398,82.24438,-8.71373
2399,68.85194,-0.9684211
2400,70.258,-5.573562
2401,51.29503,3.890627
2402,71.87862,1.95838
2403,74.26682,0.2268598
2404,73.88967,-4.138421
2405,72.43866,-8.702069999999999
2406,68.84693,-4.473853
2407,67.4579,-11.51909
2408,63.23736,-4.332619
2409,67.04571999999999,-8.749687
2410,61.14106,-20.12918
2411,59.06593,-36.59645
2412,63.0932,-9.511965
2413,64.19505,-4.122554
2414,69.14381999999999,-6.864114999999999
2415,68.2186,-13.96171
2416,80.78811999999998,-21.61113
2417,62.15595,-5.59855
2418,76.2021,-0.3535414
2419,67.71611999999999,-21.95391
2420,66.87748,-13.76373
2421,81.16841,-12.7322
2422,77.52611999999998,-16.854770000000002
2423,73.13333,-14.03496
2424,62.926080000000006,-13.9975
2425,51.79126,6.185827
2426,69.15686,-9.004087
2427,62.27294000000001,-7.576707000000002
2428,62.86968,-8.90002
2429,59.75554,-18.64859
2430,55.93825,-5.324996
2431,63.37816,8.626922
2432,89.06512,-18.00787
2433,59.49207,-21.839
2434,63.0717,4.1653
2435,74.18266,-14.39385
2436,72.99597,-21.99502
2437,74.54878000000002,0.68999
2438,72.79072,-13.42379
2439,68.58779,0.4890194000000001
2440,83.4991,-3.712483
2441,85.60566,-2.347389
2442,49.33336,-16.45131
2443,80.25808,-17.90534
2444,73.99424,-3.416731
2445,71.49039,-32.68723
2446,75.56421999999998,-35.10705
2447,50.77177,-5.560257
2448,63.31959000000001,3.695687
2449,62.63376,-20.60124
2450,72.48474,-9.643281
2451,55.5865,-23.30693
2452,51.66027,-29.96612
2453,53.65475,-5.4122059999999985
2454,89.75272,-8.296797999999999
2455,60.46186,2.98287
2456,80.376,-11.60401
2457,61.82471999999999,-13.03964
2458,73.42504,-12.02837
2459,72.77863,1.591326
2460,67.30395,-22.65711
2461,71.1454,-6.820285
2462,91.37652,-10.32453
2463,70.45770999999998,-2.015341
2464,65.35571,-2.156085
2465,86.14405,-6.644713
2466,40.98589000000001,-20.96894
2467,85.28412,-16.273020000000002
2468,84.69904,-11.24636
2469,78.1619,-22.53974
2470,63.30449,-7.1362830000000015
2471,50.9626,-0.5868151999999999
2472,78.5982,-24.0221
2473,71.42413,-15.80383
2474,73.3584,1.431008
2475,63.5102,-10.89118
2476,64.3641,-38.68109000000001
2477,79.91314,-16.899739999999998
2478,70.61451,-13.64807
2479,77.37191,-29.6917
2480,62.43318000000001,4.515735
2481,66.53034,-23.73638
2482,53.39924,-8.951078
2483,82.79706999999998,-3.406174
2484,65.8034,-11.19213
2485,87.72446,-1.788042
2486,68.37876999999999,-11.21265
2487,76.46406999999998,1.250499
2488,67.35838000000001,-1.977294
2489,89.75777,-20.19515
2490,71.4421,-6.040679
2491,74.56606,-8.156191999999999
2492,68.46404,-7.4320179999999985
2493,78.44227,-13.59282
2494,73.10613000000002,5.701017
2495,62.34706,-22.54894
2496,51.82533,-14.28696
2497,70.39661,-5.694306
2498,76.49829,-4.378538
2499,61.48431,-16.319029999999998
2500,61.80351999999999,1.297201
2501,76.0211,-7.230397999999999
2502,60.64451,7.604861
2503,71.70814,-12.86116
2504,76.83708,-18.12474
2505,78.40621999999998,-18.09712
2506,68.72024,-23.95237
2507,50.06301,-20.20353
2508,87.69691999999998,-11.42972
2509,86.99996999999998,4.574135
2510,68.19161,-20.04976
2511,68.08471,-28.09651
2512,64.0625,-10.7499
2513,74.93968000000002,-13.940029999999998
2514,74.13194,-7.691431
2515,67.39908,-22.57539
2516,73.78174,0.6641589
2517,55.11437,-11.70788
2518,82.80131999999998,-13.10405
2519,61.3069,7.839162
2520,66.26919000000001,-2.282228
2521,59.19792,-11.32849
2522,62.44526,-30.15219
2523,49.19779000000001,-11.71951
2524,72.94774,-8.344704
2525,59.87773000000001,-5.742763
2526,73.47509000000002,-4.283149
2527,85.36645,-16.46919
2528,69.38539,-1.906945
2529,62.15073,-5.052795
2530,64.23725999999999,-13.3351
2531,72.92104,0.791644
2532,77.48227,-23.13051
2533,77.34316,3.181548
2534,69.85361,-9.066127
2535,70.68101999999998,-3.58606
2536,84.16232,-24.39767
2537,57.46576,4.5442339999999986
2538,63.88039000000001,1.74088
2539,92.76103,1.320703
2540,86.41515,-12.48442
2541,63.23813000000001,0.6457113
2542,72.81642,-17.780910000000006
2543,52.983230000000006,1.240638
2544,66.03696,-15.12986
2545,63.82113,-8.541133
2546,84.74937,-21.77988
2547,66.82718,-18.49357
2548,66.8739,-7.117552000000001
2549,90.11309,-13.73802
2550,43.88975,-13.82
2551,81.08251,-12.44169
2552,62.29297,-16.469920000000002
2553,58.55329,-23.56855
2554,56.00959,8.877158999999997
2555,76.57934,-6.1733970000000005
2556,82.2019,-6.9652970000000005
2557,73.04178,-14.76294
2558,69.56355,-12.55183
2559,52.04093,-14.04998
2560,73.3532,-7.7899660000000015
2561,63.90973,-12.61178
2562,50.83435,-1.439128
2563,72.19453,-16.442320000000002
2564,74.73565,-25.90802
2565,68.85865,-10.91415
2566,80.10725,-4.844485
2567,73.59379,-2.3005400000000003
2568,64.91755,-17.796529999999994
2569,69.18629,-1.3457290000000002
2570,56.67511,-19.89974
2571,63.84701,7.070253
2572,73.52853,-4.305105
2573,77.77298,-20.97871
2574,66.58747,-16.51202
2575,74.68619,-13.78516
2576,82.44135,-3.198811
2577,52.30627,-19.96528
2578,69.2922,-8.165172
2579,64.40332,11.5388
2580,87.83745,-5.797536
2581,73.06475999999998,2.346044
2582,58.63267,1.1054
2583,74.55995,-14.94582
2584,74.27044000000002,-21.81354
2585,50.25447,-9.793256
2586,62.09311999999999,-22.10528
2587,87.61305,0.8871884
2588,79.40338,3.454682
2589,77.56643000000003,17.25978
2590,87.67891,-5.012097
2591,67.52089000000001,0.5997717
2592,79.92055,-2.785855
2593,71.32548,-6.040786
2594,57.68811,-26.8179
2595,85.23694,-7.594192999999999
2596,64.65368000000001,-8.68329
2597,61.31142,11.2666
2598,59.06764,7.5886520000000015
2599,87.76017,-11.61341
2600,68.24614,-26.37716
2601,64.45452,-2.222824
2602,65.53308,-29.09276
2603,63.89614,-19.10272
2604,80.11442,13.05422
2605,53.4408,-4.50005
2606,71.92873,-16.93747
2607,61.59669,-10.75492
2608,66.93093,-13.782570000000002
2609,50.34516,-9.613154
2610,72.01345,-13.67514
2611,83.8145,-24.73408
2612,78.27926,-0.2117256
2613,63.37316,-5.140422
2614,67.56707,1.2630940000000002
2615,78.30575999999998,-2.315313
2616,64.15815,-9.960403
2617,58.67935,-5.187703
2618,84.99193000000002,-25.74853
2619,66.11341,-4.922376
2620,74.52394,-1.039614
2621,70.64279,-8.465358
2622,89.6064,0.470834
2623,76.0323,-3.837667
2624,75.88329,-11.40071
2625,91.41507,-18.58123
2626,75.96584,-5.74556
2627,56.82018000000001,-18.1518
2628,65.26213,-1.156317
2629,72.5354,-20.20325
2630,42.97974,-8.860008
2631,58.11489,-18.28166
2632,73.26021999999998,-11.98803
2633,77.94697,-12.41635
2634,71.2361,-8.819086
2635,80.56624000000002,7.036737
2636,88.41405999999998,-13.11624
2637,72.93951,-8.774334
2638,71.42486,-6.5686740000000015
2639,85.37737,-2.574961
2640,60.69893,4.760236
2641,84.41388,-6.6052880000000025
2642,78.85013000000002,-11.48461
2643,72.23626999999998,-3.3483300000000003
2644,79.51451,-7.224457000000001
2645,70.81756999999998,-20.52531
2646,79.3355,-17.013379999999998
2647,83.92007,-18.97531
2648,64.99888,-4.225446
2649,70.30046,4.675978
2650,72.4469,-14.50134
2651,65.32914,-20.57936
2652,69.68672,-8.770883999999999
2653,82.80946999999998,-2.210701
2654,66.12637,-24.65817
2655,74.31614,0.4964872
2656,62.74274000000001,-19.14187
2657,66.71625,-1.28301
2658,52.76581,2.2495990000000003
2659,64.23697,2.673515
2660,82.93061999999998,-20.18061
2661,36.50027,-21.49223
2662,103.9198,-25.94061
2663,78.92066,-12.20063
2664,71.31289,4.6782650000000015
2665,70.89019,15.4043
2666,87.70451,-15.3165
2667,58.66569000000001,-4.894761
2668,65.94133000000001,-0.4717233
2669,53.61496999999999,-20.94196
2670,80.81969000000002,-30.37179
2671,67.59589,-2.237453
2672,70.45368,-14.35
2673,52.61427,-5.968235
2674,67.05726999999999,-18.36929
2675,80.33527,10.0038
2676,65.81659,-7.6953960000000015
2677,58.66797,-6.653395
2678,63.55366,-33.60001
2679,72.77927,-2.6015200000000003
2680,70.05731,-6.740457000000001
2681,63.67471,-19.57441
2682,61.41443,-12.56155
2683,59.91931,-11.40836
2684,54.54313000000001,-9.975537
2685,70.58784,-9.452148
2686,53.50131999999999,-11.88279
2687,72.78958,-28.22006
2688,76.30181,-6.2316720000000005
2689,51.48873,-31.35942
2690,82.67635,-19.14385
2691,64.73662,-20.46305
2692,89.92531,-10.70861
2693,82.33731999999998,-6.081996
2694,67.7835,-13.78307
2695,82.0141,8.581901
2696,65.64449,-3.324757
2697,58.89835,-22.79558
2698,50.28286,4.203121
2699,68.29051,-13.59784
2700,85.31325,-9.977645
2701,93.10153,-14.48068
2702,64.6744,-1.08624
2703,72.97454,0.8260531999999999
2704,74.51595999999998,-9.207847
2705,68.41306,-2.750809
2706,75.30674,-4.204458
2707,53.84029,-12.40979
2708,67.35263,-0.3542486
2709,67.39329000000001,-32.9488
2710,56.93941,-4.871946
2711,69.12279000000001,5.317039
2712,57.22761,-5.167954
2713,76.05929,-5.5695260000000015
2714,59.81583000000001,-4.150285
2715,64.30556999999999,-27.2714
2716,59.1149,-16.25977
2717,91.61397,-12.11007
2718,78.31008,-16.3773
2719,68.59947,0.7928145000000001
2720,68.01685,1.1088870000000002
2721,82.84614,-12.49169
2722,49.51263,-0.5111645
2723,69.8973,-34.17
2724,84.17336999999998,-4.631359
2725,78.89444,-24.29788
2726,70.69758,9.444025
2727,61.77013,-19.68894
2728,78.0163,4.23549
2729,73.54946,-16.099420000000002
2730,55.73493000000001,-12.74454
2731,65.89819,13.69386
2732,57.39889,-13.82744
2733,63.04364,-27.31653
2734,90.12375,-18.2544
2735,64.38116,-23.61167
2736,63.44825,-5.62352
2737,72.94678,-17.25217
2738,52.57834,-13.12009
2739,63.63273,5.738944
2740,71.99254,-10.99059
2741,72.39277,-4.811533
2742,79.11701,-4.512673
2743,51.93237,-17.866229999999995
2744,70.43403,-21.59988
2745,73.80844,-2.224638
2746,81.84084,-19.73066
2747,60.51824000000001,-7.986828999999997
2748,76.27816999999997,-26.23452
2749,72.43248,-18.91511
2750,68.76535,1.418947
2751,60.72785,2.763541
2752,68.29949,-11.58326
2753,71.62149000000002,-26.87554
2754,70.59952,-5.845408
2755,80.10539,-10.8262
2756,70.75399,10.09409
2757,61.23998,-21.44423
2758,68.3528,8.337489
2759,61.51666,-12.43442
2760,71.43109,-0.006148351999999999
2761,62.02735,-24.19875
2762,61.78095,1.968633
2763,98.66974,-2.164127
2764,73.01436,-1.7224549999999998
2765,82.94384000000002,-0.9408177
2766,80.52203,-13.20871
2767,53.52886,-3.686721
2768,70.67194,-0.7722773
2769,56.81425,-13.704579999999998
2770,72.37652,-26.52538
2771,49.83153,-8.861414
2772,70.16466,-18.97082
2773,72.25542,17.13289
2774,69.0665,2.742776
2775,57.83613,-1.477452
2776,75.97397,-22.84942
2777,68.33255,0.6976613
2778,60.67356,-8.95394
2779,61.20472,-14.9268
2780,65.426,-8.987577
2781,77.37339,-3.91479
2782,65.88091,-24.6382
2783,68.68375999999999,-26.48481
2784,83.17385,-11.66942
2785,69.57141999999999,-1.19085
2786,87.76274000000002,-12.09585
2787,64.25253000000001,-4.659249
2788,58.7633,-9.553751
2789,87.6779,-14.57468
2790,84.77951999999998,-28.19338
2791,44.48759,-28.91912
2792,71.15801,-4.96975
2793,81.11289000000002,1.820294
2794,69.6739,-13.50128
2795,77.81984,-29.2818
2796,74.59189,-6.9690179999999975
2797,87.18534,-7.561814
2798,80.60636,4.6757800000000005
2799,84.97686999999998,-20.77276
2800,79.38887,18.96587
2801,73.09005,-9.938504
2802,83.21137,-35.36076
2803,54.64416,-10.79429
2804,73.64229,-16.80874
2805,68.84037,-3.089466
2806,75.82528,-25.17796
2807,77.2142,-21.172320000000006
2808,62.69973,-11.28403
2809,65.87854,-18.35437
2810,65.8312,-12.80048
2811,69.75814,-6.189078
2812,68.61625,-15.98461
2813,64.98134,-16.78327
2814,64.85876,-9.286581
2815,66.79545999999999,-17.6295
2816,43.56437,-14.07815
2817,68.28453,-0.05283603
2818,53.97722,-18.11732
2819,72.37554,-14.15102
2820,45.12958,6.069386
2821,79.23594,-7.783266999999999
2822,67.89267,-20.79489
2823,77.45593000000002,-6.610436999999999
2824,67.28255,-3.456408
2825,77.23093,-4.179791000000002
2826,77.14531,-16.250220000000002
2827,60.35104000000001,-16.18723
2828,65.31193,-16.61032
2829,77.93611,-32.70189
2830,79.88167,-9.25513
2831,64.06411999999999,-5.0536650000000005
2832,55.65335,-2.3524540000000003
2833,60.33708000000001,-0.5121532
2834,69.20068,-13.57959
2835,62.69723000000001,-10.16704
2836,66.39989,-5.404058
2837,60.86256,-17.942429999999995
2838,74.03130999999998,-25.69833
2839,82.44264,-17.38876
2840,71.05726999999997,-20.94383
2841,80.91493,-5.505733
2842,74.19766,-3.398674
2843,73.76104000000002,-9.804844
2844,69.15085,-27.33672
2845,73.74459,-22.24747
2846,93.63296,-10.36324
2847,72.05005,-1.98867
2848,79.09496999999998,-17.7693
2849,52.66147,-12.10119
2850,91.25622,-26.76765
2851,69.69169000000001,-7.789096000000002
2852,47.71091,-6.095375
2853,55.00807,11.56722
2854,67.68167,-9.785644
2855,65.44644,-12.13077
2856,84.56817,-6.077383
2857,97.56903,-14.44639
2858,53.24851999999999,-11.41788
2859,67.16991,-4.073038
2860,62.42045,-16.2767
2861,59.63564,-37.79037
2862,78.52355,-6.868666
2863,68.07284,-9.450905
2864,64.40905,-17.325689999999998
2865,83.58873,-10.16413
2866,83.71054000000002,-7.567408
2867,76.59971999999998,-8.598391000000001
2868,65.59871,-5.515496
2869,64.16530999999999,-8.239429
2870,72.31848000000002,-28.37739
2871,72.89074000000002,-13.08401
2872,71.85983,-7.281507
2873,74.98594,4.9548
2874,68.01299,-12.93427
2875,71.72321,-7.872746
2876,85.0203,-22.10981
2877,66.09438,0.7196266
2878,85.76525,-15.941579999999998
2879,75.29033000000003,-20.52493
2880,69.05731,-16.42671
2881,84.21595,-13.29946
2882,69.43209,-7.778992999999999
2883,69.3489,-16.70996
2884,67.49600000000001,0.7695373000000001
2885,54.37956,-2.373576
2886,55.37194,-8.759966
2887,65.99169,-4.956535
2888,82.59654,-29.846390000000003
2889,80.10463,-11.9095
2890,62.44377,-16.1361
2891,87.34288000000002,-11.94191
2892,63.13534,-32.47361
2893,80.38441999999998,-12.19301
2894,53.62364,-20.69438
2895,70.99268000000002,-3.2878010000000004
2896,92.67575,-16.184620000000002
2897,65.15415,-7.422444
2898,79.33412,-22.18659
2899,69.03038000000001,-13.70663
2900,85.09824,-11.31437
2901,75.07559,-1.20056
2902,74.90408000000002,-31.59422
2903,51.66653,5.6402199999999985
2904,77.56271,-12.51884
2905,83.9768,-15.20381
2906,52.63898,0.2466355
2907,64.80269,-19.89357
2908,60.91486999999999,-5.64697
2909,76.31144,-13.2713
2910,72.70005,-17.95129
2911,54.85474,-4.231365
2912,60.46303,-11.15464
2913,73.09839000000002,-14.09135
2914,58.33049000000001,-24.54733
2915,78.08799,4.297182
2916,61.18767,-32.67201
2917,76.27331,-27.69607
2918,67.0222,-35.01962
2919,83.54788,1.910021
2920,54.19945,-13.45955
2921,67.80528000000001,4.444605
2922,87.90198000000002,14.85406
2923,62.05761,-0.1845935
2924,67.43387,-4.600472
2925,51.20422,-7.373769999999999
2926,83.53147,-4.596114
2927,63.07033000000001,-10.09449
2928,62.59971,-7.99627
2929,68.3894,-1.819404
2930,75.60424,-8.007767
2931,51.39455,-7.560444
2932,54.05743,-30.14147
2933,54.21433,0.976269
2934,66.1136,-2.307693
2935,72.98232,-21.41706
2936,63.47237,0.4243742
2937,67.75565999999999,-3.700921
2938,59.91526999999999,-4.502811
2939,59.59558000000001,19.35797
2940,74.9352,2.191131
2941,59.33881,-18.74531
2942,79.36211999999998,5.214438
2943,82.11814,-13.61926
2944,83.82712,-38.7955
2945,74.61884,-11.33446
2946,61.73203,-5.572901
2947,68.48676999999999,-23.12137
2948,69.30094,-27.30873
2949,56.70621,-17.45695
2950,71.53534,0.8623791999999999
2951,76.21033,7.055012
2952,63.84636,-17.7283
2953,66.25222,-3.913034
2954,81.44768,-24.24757
2955,62.67937,-20.08821
2956,54.33532,1.649464
2957,75.66274,-15.75875
2958,80.03555,-14.61174
2959,60.50964000000001,-18.80588
2960,69.59801999999999,-15.57155
2961,63.66285,-30.48215
2962,56.05253,-7.357508
2963,64.07648,-4.398561
2964,64.70491,-10.37657
2965,80.56889,14.50799
2966,86.61128000000002,-7.867749000000001
2967,76.73148,-16.839389999999998
2968,68.25068,-7.1420020000000015
2969,83.53589000000002,-22.03176
2970,84.63376,-10.65431
2971,59.70858000000001,-7.02261
2972,66.62059,0.27824720000000003
2973,79.4429,-20.8802
2974,59.14149000000001,-3.268589
2975,62.93142,-9.67255
2976,76.28171,6.197267
2977,81.7813,-17.89441
2978,49.64519,-20.29111
2979,58.37999,-12.982
2980,74.68241,-22.74285
2981,88.04621999999998,2.73894
2982,41.72015,-7.237918
2983,61.91275,-12.98729
2984,74.79148,-17.63764
2985,61.99087,-15.7656
2986,82.01159,-18.70377
2987,78.71038,-15.10186
2988,85.51906,-22.09427
2989,76.5364,-11.39254
2990,48.34201,-9.15055
2991,69.69287,-7.0676289999999975
2992,79.86285,-16.01771
2993,69.80298,4.93805
2994,83.65175,-18.73922
2995,85.6528,-6.461061
2996,82.77088,-2.3732990000000003
2997,64.46531999999999,-10.50136
2998,90.72282,-12.25584
2999,64.87976,-24.87731
